model,noise,seed,accuracy,f1,disagreement
"k=1, uniform",0.0,0,0.9542857142857143,0.9545454545454546,0.0
"k=1, uniform",0.05,0,0.9257142857142857,0.9273743016759777,0.07428571428571429
"k=1, uniform",0.1,0,0.88,0.88,0.12
"k=1, uniform",0.2,0,0.7885714285714286,0.783625730994152,0.21142857142857144
"k=15, uniform",0.0,0,0.96,0.96045197740113,0.0
"k=15, uniform",0.05,0,0.96,0.96045197740113,0.0
"k=15, uniform",0.1,0,0.96,0.96045197740113,0.0
"k=15, uniform",0.2,0,0.9542857142857143,0.9545454545454546,0.005714285714285714
"k=15, distance",0.0,0,0.9657142857142857,0.9662921348314607,0.0
"k=15, distance",0.05,0,0.9542857142857143,0.9550561797752809,0.011428571428571429
"k=15, distance",0.1,0,0.9542857142857143,0.9550561797752809,0.011428571428571429
"k=15, distance",0.2,0,0.9371428571428572,0.9371428571428572,0.02857142857142857
Выбрано по CV,0.0,0,0.9485714285714286,0.9491525423728814,0.0
Выбрано по CV,0.05,0,0.9485714285714286,0.9491525423728814,0.0
Выбрано по CV,0.1,0,0.9485714285714286,0.9491525423728814,0.0
Выбрано по CV,0.2,0,0.9428571428571428,0.9425287356321839,0.017142857142857144
"k=1, uniform",0.0,1,0.96,0.9613259668508287,0.0
"k=1, uniform",0.05,1,0.9314285714285714,0.9340659340659341,0.04
"k=1, uniform",0.1,1,0.8914285714285715,0.8983957219251337,0.08
"k=1, uniform",0.2,1,0.8057142857142857,0.8152173913043478,0.1657142857142857
"k=15, uniform",0.0,1,0.96,0.9613259668508287,0.0
"k=15, uniform",0.05,1,0.96,0.9613259668508287,0.0
"k=15, uniform",0.1,1,0.96,0.9613259668508287,0.0
"k=15, uniform",0.2,1,0.9542857142857143,0.9560439560439561,0.017142857142857144
"k=15, distance",0.0,1,0.96,0.9613259668508287,0.0
"k=15, distance",0.05,1,0.96,0.9617486338797814,0.011428571428571429
"k=15, distance",0.1,1,0.96,0.9621621621621622,0.022857142857142857
"k=15, distance",0.2,1,0.9485714285714286,0.9513513513513514,0.03428571428571429
Выбрано по CV,0.0,1,0.96,0.9613259668508287,0.0
Выбрано по CV,0.05,1,0.96,0.9613259668508287,0.0
Выбрано по CV,0.1,1,0.96,0.9613259668508287,0.0
Выбрано по CV,0.2,1,0.9542857142857143,0.9560439560439561,0.005714285714285714
"k=1, uniform",0.0,2,0.9257142857142857,0.9265536723163842,0.0
"k=1, uniform",0.05,2,0.8628571428571429,0.8620689655172413,0.06285714285714286
"k=1, uniform",0.1,2,0.8228571428571428,0.8187134502923976,0.10285714285714286
"k=1, uniform",0.2,2,0.7542857142857143,0.7485380116959064,0.18285714285714286
"k=15, uniform",0.0,2,0.9542857142857143,0.9550561797752809,0.0
"k=15, uniform",0.05,2,0.9542857142857143,0.9550561797752809,0.0
"k=15, uniform",0.1,2,0.9485714285714286,0.9491525423728814,0.005714285714285714
"k=15, uniform",0.2,2,0.9371428571428572,0.9371428571428572,0.017142857142857144
"k=15, distance",0.0,2,0.96,0.9608938547486033,0.0
"k=15, distance",0.05,2,0.9542857142857143,0.9550561797752809,0.005714285714285714
"k=15, distance",0.1,2,0.9428571428571428,0.9431818181818182,0.017142857142857144
"k=15, distance",0.2,2,0.9257142857142857,0.9248554913294798,0.03428571428571429
Выбрано по CV,0.0,2,0.9542857142857143,0.9550561797752809,0.0
Выбрано по CV,0.05,2,0.9542857142857143,0.9550561797752809,0.0
Выбрано по CV,0.1,2,0.9485714285714286,0.9491525423728814,0.005714285714285714
Выбрано по CV,0.2,2,0.9257142857142857,0.9239766081871345,0.04
"k=1, uniform",0.0,3,0.9657142857142857,0.9662921348314607,0.0
"k=1, uniform",0.05,3,0.8971428571428571,0.9,0.06857142857142857
"k=1, uniform",0.1,3,0.8514285714285714,0.8555555555555555,0.11428571428571428
"k=1, uniform",0.2,3,0.7428571428571429,0.7457627118644068,0.22285714285714286
"k=15, uniform",0.0,3,0.9828571428571429,0.9832402234636871,0.0
"k=15, uniform",0.05,3,0.9828571428571429,0.9832402234636871,0.0
"k=15, uniform",0.1,3,0.9828571428571429,0.9832402234636871,0.011428571428571429
"k=15, uniform",0.2,3,0.9828571428571429,0.9830508474576272,0.011428571428571429
"k=15, distance",0.0,3,0.9828571428571429,0.9832402234636871,0.0
"k=15, distance",0.05,3,0.9828571428571429,0.9832402234636871,0.0
"k=15, distance",0.1,3,0.9885714285714285,0.9887640449438202,0.005714285714285714
"k=15, distance",0.2,3,0.96,0.9595375722543352,0.03428571428571429
Выбрано по CV,0.0,3,0.9828571428571429,0.9832402234636871,0.0
Выбрано по CV,0.05,3,0.9828571428571429,0.9832402234636871,0.0
Выбрано по CV,0.1,3,0.9771428571428571,0.9777777777777777,0.005714285714285714
Выбрано по CV,0.2,3,0.9657142857142857,0.9662921348314607,0.017142857142857144
"k=1, uniform",0.0,4,0.9371428571428572,0.9378531073446328,0.0
"k=1, uniform",0.05,4,0.9028571428571428,0.9060773480662984,0.03428571428571429
"k=1, uniform",0.1,4,0.8628571428571429,0.8651685393258427,0.08571428571428572
"k=1, uniform",0.2,4,0.7885714285714286,0.7932960893854749,0.17142857142857143
"k=15, uniform",0.0,4,0.9771428571428571,0.9777777777777777,0.0
"k=15, uniform",0.05,4,0.9714285714285714,0.9720670391061452,0.005714285714285714
"k=15, uniform",0.1,4,0.9657142857142857,0.9662921348314607,0.011428571428571429
"k=15, uniform",0.2,4,0.96,0.96045197740113,0.017142857142857144
"k=15, distance",0.0,4,0.9771428571428571,0.9777777777777777,0.0
"k=15, distance",0.05,4,0.9771428571428571,0.9777777777777777,0.0
"k=15, distance",0.1,4,0.96,0.9608938547486033,0.017142857142857144
"k=15, distance",0.2,4,0.9371428571428572,0.9371428571428572,0.04
Выбрано по CV,0.0,4,0.9714285714285714,0.9723756906077348,0.0
Выбрано по CV,0.05,4,0.9657142857142857,0.9666666666666667,0.005714285714285714
Выбрано по CV,0.1,4,0.9657142857142857,0.9662921348314607,0.017142857142857144
Выбрано по CV,0.2,4,0.9714285714285714,0.9717514124293786,0.022857142857142857
"k=1, uniform",0.0,5,0.9485714285714286,0.9497206703910615,0.0
"k=1, uniform",0.05,5,0.8971428571428571,0.8977272727272727,0.05142857142857143
"k=1, uniform",0.1,5,0.8628571428571429,0.8620689655172413,0.08571428571428572
"k=1, uniform",0.2,5,0.6914285714285714,0.6823529411764706,0.2571428571428571
"k=15, uniform",0.0,5,0.9714285714285714,0.9720670391061452,0.0
"k=15, uniform",0.05,5,0.9714285714285714,0.9720670391061452,0.0
"k=15, uniform",0.1,5,0.9771428571428571,0.9777777777777777,0.005714285714285714
"k=15, uniform",0.2,5,0.96,0.96045197740113,0.022857142857142857
"k=15, distance",0.0,5,0.9657142857142857,0.9662921348314607,0.0
"k=15, distance",0.05,5,0.9657142857142857,0.9662921348314607,0.0
"k=15, distance",0.1,5,0.9485714285714286,0.9497206703910615,0.02857142857142857
"k=15, distance",0.2,5,0.8971428571428571,0.9,0.06857142857142857
Выбрано по CV,0.0,5,0.9771428571428571,0.9777777777777777,0.0
Выбрано по CV,0.05,5,0.9714285714285714,0.9720670391061452,0.005714285714285714
Выбрано по CV,0.1,5,0.9771428571428571,0.9777777777777777,0.0
Выбрано по CV,0.2,5,0.9657142857142857,0.9666666666666667,0.011428571428571429
"k=1, uniform",0.0,6,0.9314285714285714,0.9318181818181818,0.0
"k=1, uniform",0.05,6,0.8857142857142857,0.8850574712643678,0.045714285714285714
"k=1, uniform",0.1,6,0.8285714285714286,0.8333333333333334,0.12571428571428572
"k=1, uniform",0.2,6,0.7142857142857143,0.7159090909090909,0.24
"k=15, uniform",0.0,6,0.96,0.96,0.0
"k=15, uniform",0.05,6,0.9542857142857143,0.9540229885057471,0.005714285714285714
"k=15, uniform",0.1,6,0.9485714285714286,0.9485714285714286,0.011428571428571429
"k=15, uniform",0.2,6,0.9657142857142857,0.9659090909090909,0.005714285714285714
"k=15, distance",0.0,6,0.9657142857142857,0.9659090909090909,0.0
"k=15, distance",0.05,6,0.9485714285714286,0.9479768786127167,0.017142857142857144
"k=15, distance",0.1,6,0.9428571428571428,0.9431818181818182,0.03428571428571429
"k=15, distance",0.2,6,0.9257142857142857,0.9257142857142857,0.05142857142857143
Выбрано по CV,0.0,6,0.96,0.96045197740113,0.0
Выбрано по CV,0.05,6,0.9542857142857143,0.9545454545454546,0.005714285714285714
Выбрано по CV,0.1,6,0.9542857142857143,0.9545454545454546,0.005714285714285714
Выбрано по CV,0.2,6,0.9542857142857143,0.9545454545454546,0.005714285714285714
"k=1, uniform",0.0,7,0.96,0.9608938547486033,0.0
"k=1, uniform",0.05,7,0.8971428571428571,0.9,0.06285714285714286
"k=1, uniform",0.1,7,0.84,0.8461538461538461,0.12
"k=1, uniform",0.2,7,0.7714285714285715,0.7802197802197802,0.18857142857142858
"k=15, uniform",0.0,7,0.9771428571428571,0.9775280898876404,0.0
"k=15, uniform",0.05,7,0.9771428571428571,0.9775280898876404,0.0
"k=15, uniform",0.1,7,0.9714285714285714,0.9720670391061452,0.005714285714285714
"k=15, uniform",0.2,7,0.9542857142857143,0.9550561797752809,0.03428571428571429
"k=15, distance",0.0,7,0.9771428571428571,0.9775280898876404,0.0
"k=15, distance",0.05,7,0.9771428571428571,0.9775280898876404,0.0
"k=15, distance",0.1,7,0.9542857142857143,0.9555555555555556,0.022857142857142857
"k=15, distance",0.2,7,0.9085714285714286,0.9090909090909091,0.08
Выбрано по CV,0.0,7,0.9828571428571429,0.9832402234636871,0.0
Выбрано по CV,0.05,7,0.9828571428571429,0.9832402234636871,0.0
Выбрано по CV,0.1,7,0.9771428571428571,0.9775280898876404,0.005714285714285714
Выбрано по CV,0.2,7,0.9714285714285714,0.9723756906077348,0.022857142857142857
"k=1, uniform",0.0,8,0.9371428571428572,0.9371428571428572,0.0
"k=1, uniform",0.05,8,0.88,0.88,0.05714285714285714
"k=1, uniform",0.1,8,0.8342857142857143,0.8361581920903954,0.10285714285714286
"k=1, uniform",0.2,8,0.7257142857142858,0.7176470588235294,0.22285714285714286
"k=15, uniform",0.0,8,0.9714285714285714,0.9723756906077348,0.0
"k=15, uniform",0.05,8,0.9657142857142857,0.9666666666666667,0.005714285714285714
"k=15, uniform",0.1,8,0.9657142857142857,0.9666666666666667,0.005714285714285714
"k=15, uniform",0.2,8,0.9657142857142857,0.967032967032967,0.005714285714285714
"k=15, distance",0.0,8,0.9714285714285714,0.9720670391061452,0.0
"k=15, distance",0.05,8,0.9714285714285714,0.9720670391061452,0.0
"k=15, distance",0.1,8,0.9714285714285714,0.9720670391061452,0.0
"k=15, distance",0.2,8,0.9371428571428572,0.9371428571428572,0.045714285714285714
Выбрано по CV,0.0,8,0.9714285714285714,0.9723756906077348,0.0
Выбрано по CV,0.05,8,0.9714285714285714,0.9723756906077348,0.0
Выбрано по CV,0.1,8,0.9714285714285714,0.9723756906077348,0.0
Выбрано по CV,0.2,8,0.96,0.9608938547486033,0.011428571428571429
"k=1, uniform",0.0,9,0.9542857142857143,0.9550561797752809,0.0
"k=1, uniform",0.05,9,0.9371428571428572,0.9378531073446328,0.017142857142857144
"k=1, uniform",0.1,9,0.8857142857142857,0.8850574712643678,0.09142857142857143
"k=1, uniform",0.2,9,0.8,0.8044692737430168,0.2
"k=15, uniform",0.0,9,0.96,0.96045197740113,0.0
"k=15, uniform",0.05,9,0.96,0.9608938547486033,0.011428571428571429
"k=15, uniform",0.1,9,0.9542857142857143,0.9550561797752809,0.005714285714285714
"k=15, uniform",0.2,9,0.9542857142857143,0.9550561797752809,0.005714285714285714
"k=15, distance",0.0,9,0.96,0.96045197740113,0.0
"k=15, distance",0.05,9,0.9657142857142857,0.9662921348314607,0.005714285714285714
"k=15, distance",0.1,9,0.9657142857142857,0.9662921348314607,0.005714285714285714
"k=15, distance",0.2,9,0.9485714285714286,0.9497206703910615,0.022857142857142857
Выбрано по CV,0.0,9,0.9657142857142857,0.9662921348314607,0.0
Выбрано по CV,0.05,9,0.9714285714285714,0.9720670391061452,0.005714285714285714
Выбрано по CV,0.1,9,0.9657142857142857,0.9662921348314607,0.0
Выбрано по CV,0.2,9,0.9657142857142857,0.9662921348314607,0.0
"k=1, uniform",0.0,10,0.9485714285714286,0.9485714285714286,0.0
"k=1, uniform",0.05,10,0.8857142857142857,0.8863636363636364,0.08571428571428572
"k=1, uniform",0.1,10,0.84,0.8390804597701149,0.13142857142857142
"k=1, uniform",0.2,10,0.7542857142857143,0.7542857142857143,0.21714285714285714
"k=15, uniform",0.0,10,0.9828571428571429,0.9830508474576272,0.0
"k=15, uniform",0.05,10,0.9828571428571429,0.9830508474576272,0.0
"k=15, uniform",0.1,10,0.9885714285714285,0.9887640449438202,0.005714285714285714
"k=15, uniform",0.2,10,0.96,0.9617486338797814,0.03428571428571429
"k=15, distance",0.0,10,0.9657142857142857,0.9655172413793104,0.0
"k=15, distance",0.05,10,0.9771428571428571,0.9775280898876404,0.022857142857142857
"k=15, distance",0.1,10,0.9771428571428571,0.9775280898876404,0.022857142857142857
"k=15, distance",0.2,10,0.9485714285714286,0.9497206703910615,0.05142857142857143
Выбрано по CV,0.0,10,0.9942857142857143,0.9943502824858758,0.0
Выбрано по CV,0.05,10,0.9885714285714285,0.9887640449438202,0.005714285714285714
Выбрано по CV,0.1,10,0.9885714285714285,0.9887640449438202,0.005714285714285714
Выбрано по CV,0.2,10,0.9828571428571429,0.9832402234636871,0.011428571428571429
"k=1, uniform",0.0,11,0.9657142857142857,0.9659090909090909,0.0
"k=1, uniform",0.05,11,0.9314285714285714,0.9310344827586207,0.03428571428571429
"k=1, uniform",0.1,11,0.8742857142857143,0.8735632183908046,0.10285714285714286
"k=1, uniform",0.2,11,0.8114285714285714,0.8047337278106509,0.17714285714285713
"k=15, uniform",0.0,11,0.9942857142857143,0.9943502824858758,0.0
"k=15, uniform",0.05,11,0.9885714285714285,0.9886363636363636,0.005714285714285714
"k=15, uniform",0.1,11,0.9828571428571429,0.9828571428571429,0.011428571428571429
"k=15, uniform",0.2,11,0.9828571428571429,0.9828571428571429,0.011428571428571429
"k=15, distance",0.0,11,0.9942857142857143,0.9943502824858758,0.0
"k=15, distance",0.05,11,0.9885714285714285,0.9886363636363636,0.005714285714285714
"k=15, distance",0.1,11,0.9885714285714285,0.9886363636363636,0.005714285714285714
"k=15, distance",0.2,11,0.9714285714285714,0.9710982658959537,0.022857142857142857
Выбрано по CV,0.0,11,0.9942857142857143,0.9943502824858758,0.0
Выбрано по CV,0.05,11,0.9885714285714285,0.9886363636363636,0.005714285714285714
Выбрано по CV,0.1,11,0.9885714285714285,0.9886363636363636,0.005714285714285714
Выбрано по CV,0.2,11,0.9885714285714285,0.9886363636363636,0.005714285714285714
"k=1, uniform",0.0,12,0.9485714285714286,0.9497206703910615,0.0
"k=1, uniform",0.05,12,0.9314285714285714,0.9325842696629213,0.02857142857142857
"k=1, uniform",0.1,12,0.8571428571428571,0.8587570621468926,0.11428571428571428
"k=1, uniform",0.2,12,0.7371428571428571,0.7386363636363636,0.24571428571428572
"k=15, uniform",0.0,12,0.9428571428571428,0.9438202247191011,0.0
"k=15, uniform",0.05,12,0.9485714285714286,0.9497206703910615,0.005714285714285714
"k=15, uniform",0.1,12,0.9428571428571428,0.9438202247191011,0.0
"k=15, uniform",0.2,12,0.9314285714285714,0.9318181818181818,0.011428571428571429
"k=15, distance",0.0,12,0.9428571428571428,0.9438202247191011,0.0
"k=15, distance",0.05,12,0.9485714285714286,0.9497206703910615,0.005714285714285714
"k=15, distance",0.1,12,0.9371428571428572,0.9378531073446328,0.005714285714285714
"k=15, distance",0.2,12,0.92,0.9204545454545454,0.022857142857142857
Выбрано по CV,0.0,12,0.9428571428571428,0.9438202247191011,0.0
Выбрано по CV,0.05,12,0.9428571428571428,0.9438202247191011,0.0
Выбрано по CV,0.1,12,0.9428571428571428,0.9438202247191011,0.0
Выбрано по CV,0.2,12,0.9428571428571428,0.9438202247191011,0.0
"k=1, uniform",0.0,13,0.9485714285714286,0.9491525423728814,0.0
"k=1, uniform",0.05,13,0.8914285714285715,0.8888888888888888,0.06857142857142857
"k=1, uniform",0.1,13,0.84,0.8390804597701149,0.12
"k=1, uniform",0.2,13,0.76,0.7613636363636364,0.2
"k=15, uniform",0.0,13,0.9714285714285714,0.9717514124293786,0.0
"k=15, uniform",0.05,13,0.9714285714285714,0.9717514124293786,0.0
"k=15, uniform",0.1,13,0.9657142857142857,0.9659090909090909,0.005714285714285714
"k=15, uniform",0.2,13,0.9714285714285714,0.9714285714285714,0.011428571428571429
"k=15, distance",0.0,13,0.9657142857142857,0.9659090909090909,0.0
"k=15, distance",0.05,13,0.9714285714285714,0.9717514124293786,0.005714285714285714
"k=15, distance",0.1,13,0.9714285714285714,0.9717514124293786,0.005714285714285714
"k=15, distance",0.2,13,0.9657142857142857,0.9659090909090909,0.011428571428571429
Выбрано по CV,0.0,13,0.9657142857142857,0.9659090909090909,0.0
Выбрано по CV,0.05,13,0.9657142857142857,0.9659090909090909,0.0
Выбрано по CV,0.1,13,0.96,0.96045197740113,0.005714285714285714
Выбрано по CV,0.2,13,0.96,0.96,0.005714285714285714
"k=1, uniform",0.0,14,0.9371428571428572,0.9392265193370166,0.0
"k=1, uniform",0.05,14,0.9085714285714286,0.9080459770114943,0.04
"k=1, uniform",0.1,14,0.8685714285714285,0.8670520231213873,0.08
"k=1, uniform",0.2,14,0.7542857142857143,0.7514450867052023,0.21714285714285714
"k=15, uniform",0.0,14,0.96,0.9608938547486033,0.0
"k=15, uniform",0.05,14,0.96,0.9608938547486033,0.0
"k=15, uniform",0.1,14,0.9657142857142857,0.9662921348314607,0.005714285714285714
"k=15, uniform",0.2,14,0.96,0.96045197740113,0.011428571428571429
"k=15, distance",0.0,14,0.96,0.9608938547486033,0.0
"k=15, distance",0.05,14,0.96,0.9608938547486033,0.0
"k=15, distance",0.1,14,0.9657142857142857,0.9662921348314607,0.005714285714285714
"k=15, distance",0.2,14,0.9485714285714286,0.9491525423728814,0.022857142857142857
Выбрано по CV,0.0,14,0.9657142857142857,0.9666666666666667,0.0
Выбрано по CV,0.05,14,0.9657142857142857,0.9666666666666667,0.0
Выбрано по CV,0.1,14,0.9714285714285714,0.9720670391061452,0.005714285714285714
Выбрано по CV,0.2,14,0.9657142857142857,0.9662921348314607,0.022857142857142857
"k=1, uniform",0.0,15,0.9542857142857143,0.9545454545454546,0.0
"k=1, uniform",0.05,15,0.9028571428571428,0.9050279329608939,0.07428571428571429
"k=1, uniform",0.1,15,0.8628571428571429,0.8681318681318682,0.11428571428571428
"k=1, uniform",0.2,15,0.7428571428571429,0.7428571428571429,0.2342857142857143
"k=15, uniform",0.0,15,0.9657142857142857,0.9662921348314607,0.0
"k=15, uniform",0.05,15,0.9657142857142857,0.9662921348314607,0.0
"k=15, uniform",0.1,15,0.9657142857142857,0.9662921348314607,0.0
"k=15, uniform",0.2,15,0.9657142857142857,0.9662921348314607,0.0
"k=15, distance",0.0,15,0.9542857142857143,0.9545454545454546,0.0
"k=15, distance",0.05,15,0.9542857142857143,0.9545454545454546,0.011428571428571429
"k=15, distance",0.1,15,0.96,0.96045197740113,0.005714285714285714
"k=15, distance",0.2,15,0.9542857142857143,0.9550561797752809,0.022857142857142857
Выбрано по CV,0.0,15,0.9657142857142857,0.9662921348314607,0.0
Выбрано по CV,0.05,15,0.96,0.96045197740113,0.005714285714285714
Выбрано по CV,0.1,15,0.96,0.96045197740113,0.005714285714285714
Выбрано по CV,0.2,15,0.96,0.96045197740113,0.005714285714285714
"k=1, uniform",0.0,16,0.9714285714285714,0.9720670391061452,0.0
"k=1, uniform",0.05,16,0.9485714285714286,0.9485714285714286,0.03428571428571429
"k=1, uniform",0.1,16,0.9142857142857143,0.9162011173184358,0.06857142857142857
"k=1, uniform",0.2,16,0.84,0.8409090909090909,0.15428571428571428
"k=15, uniform",0.0,16,0.9828571428571429,0.9830508474576272,0.0
"k=15, uniform",0.05,16,0.9771428571428571,0.9772727272727273,0.005714285714285714
"k=15, uniform",0.1,16,0.9771428571428571,0.9772727272727273,0.005714285714285714
"k=15, uniform",0.2,16,0.9657142857142857,0.9662921348314607,0.017142857142857144
"k=15, distance",0.0,16,0.9885714285714285,0.9887640449438202,0.0
"k=15, distance",0.05,16,0.9771428571428571,0.9772727272727273,0.011428571428571429
"k=15, distance",0.1,16,0.9714285714285714,0.9714285714285714,0.017142857142857144
"k=15, distance",0.2,16,0.9485714285714286,0.9479768786127167,0.04
Выбрано по CV,0.0,16,0.9828571428571429,0.9830508474576272,0.0
Выбрано по CV,0.05,16,0.9771428571428571,0.9772727272727273,0.005714285714285714
Выбрано по CV,0.1,16,0.9714285714285714,0.9714285714285714,0.011428571428571429
Выбрано по CV,0.2,16,0.9657142857142857,0.9655172413793104,0.017142857142857144
"k=1, uniform",0.0,17,0.9428571428571428,0.9431818181818182,0.0
"k=1, uniform",0.05,17,0.8971428571428571,0.8953488372093024,0.045714285714285714
"k=1, uniform",0.1,17,0.8514285714285714,0.8452380952380952,0.09142857142857143
"k=1, uniform",0.2,17,0.6971428571428572,0.6535947712418301,0.24571428571428572
"k=15, uniform",0.0,17,0.9714285714285714,0.9714285714285714,0.0
"k=15, uniform",0.05,17,0.9714285714285714,0.9714285714285714,0.0
"k=15, uniform",0.1,17,0.9657142857142857,0.9659090909090909,0.005714285714285714
"k=15, uniform",0.2,17,0.9314285714285714,0.9302325581395349,0.05142857142857143
"k=15, distance",0.0,17,0.9657142857142857,0.9659090909090909,0.0
"k=15, distance",0.05,17,0.96,0.96045197740113,0.005714285714285714
"k=15, distance",0.1,17,0.9485714285714286,0.9491525423728814,0.017142857142857144
"k=15, distance",0.2,17,0.9028571428571428,0.8994082840236687,0.06285714285714286
Выбрано по CV,0.0,17,0.9771428571428571,0.9772727272727273,0.0
Выбрано по CV,0.05,17,0.9714285714285714,0.9717514124293786,0.017142857142857144
Выбрано по CV,0.1,17,0.9714285714285714,0.9717514124293786,0.02857142857142857
Выбрано по CV,0.2,17,0.9371428571428572,0.935672514619883,0.05142857142857143
"k=1, uniform",0.0,18,0.9371428571428572,0.9392265193370166,0.0
"k=1, uniform",0.05,18,0.8971428571428571,0.896551724137931,0.07428571428571429
"k=1, uniform",0.1,18,0.8457142857142858,0.847457627118644,0.12571428571428572
"k=1, uniform",0.2,18,0.7657142857142857,0.7630057803468208,0.21714285714285714
"k=15, uniform",0.0,18,0.9771428571428571,0.9777777777777777,0.0
"k=15, uniform",0.05,18,0.9714285714285714,0.9720670391061452,0.005714285714285714
"k=15, uniform",0.1,18,0.9657142857142857,0.9662921348314607,0.011428571428571429
"k=15, uniform",0.2,18,0.9314285714285714,0.9294117647058824,0.05714285714285714
"k=15, distance",0.0,18,0.9771428571428571,0.9777777777777777,0.0
"k=15, distance",0.05,18,0.9771428571428571,0.9777777777777777,0.011428571428571429
"k=15, distance",0.1,18,0.9771428571428571,0.9777777777777777,0.011428571428571429
"k=15, distance",0.2,18,0.92,0.9186046511627907,0.08
Выбрано по CV,0.0,18,0.9771428571428571,0.9777777777777777,0.0
Выбрано по CV,0.05,18,0.9771428571428571,0.9777777777777777,0.0
Выбрано по CV,0.1,18,0.9771428571428571,0.9777777777777777,0.0
Выбрано по CV,0.2,18,0.9714285714285714,0.9720670391061452,0.017142857142857144
"k=1, uniform",0.0,19,0.9371428571428572,0.9398907103825137,0.0
"k=1, uniform",0.05,19,0.8914285714285715,0.8961748633879781,0.045714285714285714
"k=1, uniform",0.1,19,0.8285714285714286,0.8351648351648352,0.12
"k=1, uniform",0.2,19,0.7542857142857143,0.7675675675675676,0.2057142857142857
"k=15, uniform",0.0,19,0.9542857142857143,0.9560439560439561,0.0
"k=15, uniform",0.05,19,0.9542857142857143,0.9560439560439561,0.0
"k=15, uniform",0.1,19,0.9542857142857143,0.9560439560439561,0.0
"k=15, uniform",0.2,19,0.9428571428571428,0.946236559139785,0.022857142857142857
"k=15, distance",0.0,19,0.9485714285714286,0.9508196721311475,0.0
"k=15, distance",0.05,19,0.9542857142857143,0.9560439560439561,0.005714285714285714
"k=15, distance",0.1,19,0.9485714285714286,0.9508196721311475,0.011428571428571429
"k=15, distance",0.2,19,0.9085714285714286,0.9139784946236559,0.06285714285714286
Выбрано по CV,0.0,19,0.9542857142857143,0.9565217391304348,0.0
Выбрано по CV,0.05,19,0.96,0.9617486338797814,0.005714285714285714
Выбрано по CV,0.1,19,0.9542857142857143,0.9565217391304348,0.0
Выбрано по CV,0.2,19,0.9485714285714286,0.9508196721311475,0.017142857142857144
