method,degree,alpha,cv_mse_mean,cv_mse_std,variant
Ridge,1,0.01,1084.0205713643452,303.59862393480853,1
Ridge,1,0.1,1083.9026127848217,304.5547375954031,1
Ridge,1,1.0,1083.1135605864267,314.3769201238915,1
Ridge,1,10.0,1100.5418396431019,413.1682365273525,1
Ridge,1,100.0,1394.6008699623878,711.4713277556048,1
Ridge,2,0.01,1023.9472354080284,404.0342508162816,1
Ridge,2,0.1,1023.822442289337,403.6723910375019,1
Ridge,2,1.0,1022.9738917054996,401.0839700163687,1
Ridge,2,10.0,1040.472135773442,434.0053308474541,1
Ridge,2,100.0,1352.2594959836983,715.5308938615794,1
Ridge,3,0.01,1075.9772775824108,382.7664078088294,1
Ridge,3,0.1,1074.5951024154697,381.3247960538834,1
Ridge,3,1.0,1066.439530432989,374.41580382144576,1
Ridge,3,10.0,1072.019056111578,409.2835574445209,1
Ridge,3,100.0,1268.1360765766196,673.675540215252,1
Ridge,4,0.01,1119.1985168195802,366.19080928054655,1
Ridge,4,0.1,1115.3459591612518,365.8111553592638,1
Ridge,4,1.0,1092.2267436148277,364.82564727772683,1
Ridge,4,10.0,1077.7033929928418,410.39966465030943,1
Ridge,4,100.0,1258.6218297911669,680.5462500405856,1
Ridge,5,0.01,1253.4885869183497,313.6453903108148,1
Ridge,5,0.1,1211.0505452939924,315.59103814115207,1
Ridge,5,1.0,1132.1444216046937,339.71685207591617,1
Ridge,5,10.0,1105.826740325845,386.16315466969655,1
Ridge,5,100.0,1248.9535759045625,663.9144812650419,1
Ridge,6,0.01,1274.8776109102141,344.96210991318026,1
Ridge,6,0.1,1207.623923234451,315.52499913638474,1
Ridge,6,1.0,1138.0318857502393,326.67599634026203,1
Ridge,6,10.0,1111.232119359887,377.87606417994226,1
Ridge,6,100.0,1248.4283580339577,666.999899268804,1
Ridge,7,0.01,1126.9212376316436,364.6180731618898,1
Ridge,7,0.1,1198.350029591408,317.6119630613986,1
Ridge,7,1.0,1161.980550333437,317.7834437801943,1
Ridge,7,10.0,1128.5337932105006,366.27552106576815,1
Ridge,7,100.0,1260.0822960784628,659.1849431574179,1
Ridge,8,0.01,1116.2888645750577,373.6373970312531,1
Ridge,8,0.1,1201.6574786376027,326.1019258101683,1
Ridge,8,1.0,1160.2611603088596,312.4382093611022,1
Ridge,8,10.0,1132.6341120112104,357.7141773643305,1
Ridge,8,100.0,1262.8471057626202,658.4844594196645,1
Ridge,9,0.01,1146.1570337197281,386.8450824061869,1
Ridge,9,0.1,1137.8409481425147,351.97976735058086,1
Ridge,9,1.0,1163.491417998181,313.94251692557344,1
Ridge,9,10.0,1140.7722253942218,354.7466966797093,1
Ridge,9,100.0,1278.1626065401463,653.1459241985868,1
Lasso,1,0.01,1084.0566343853493,303.6816080043325,1
Lasso,1,0.1,1084.2693791050158,305.39920095497865,1
Lasso,1,1.0,1087.4138756979285,324.2031463870822,1
Lasso,1,10.0,1220.5637812520933,589.9243382380349,1
Lasso,1,100.0,1714.524737882753,832.172998446857,1
Lasso,2,0.01,1023.9973284301923,403.9094850186035,1
Lasso,2,0.1,1024.3409472936062,402.45169821227773,1
Lasso,2,1.0,1029.9358727788913,391.68386388801673,1
Lasso,2,10.0,1227.2370979824411,579.0186132814517,1
Lasso,2,100.0,1714.524737882753,832.172998446857,1
Lasso,3,0.01,1075.6830151698905,382.760268718524,1
Lasso,3,0.1,1071.6909205453035,381.38226458133585,1
Lasso,3,1.0,1039.453294957936,380.63807823840034,1
Lasso,3,10.0,1227.4961761602028,579.1026413965167,1
Lasso,3,100.0,1714.524737882753,832.172998446857,1
Lasso,4,0.01,1118.3107317812598,366.49012553648305,1
Lasso,4,0.1,1106.6478197225815,369.0805566819062,1
Lasso,4,1.0,1048.5785938278693,381.2482868461308,1
Lasso,4,10.0,1230.955060503887,580.2787198954172,1
Lasso,4,100.0,1714.524737882753,832.172998446857,1
Lasso,5,0.01,1255.2834285178258,312.53156707307227,1
Lasso,5,0.1,1205.8595276942679,304.289899018217,1
Lasso,5,1.0,1077.2827645550735,344.81444285945224,1
Lasso,5,10.0,1230.955060503887,580.2787198954171,1
Lasso,5,100.0,1714.524737882753,832.172998446857,1
Lasso,6,0.01,1290.6214492612871,351.4963623688412,1
Lasso,6,0.1,1206.5421601306157,319.67601446147034,1
Lasso,6,1.0,1082.7751173630108,341.25338043938103,1
Lasso,6,10.0,1233.906953693058,581.3619143087734,1
Lasso,6,100.0,1714.524737882753,832.172998446857,1
Lasso,7,0.01,1115.9802426135764,359.24748268093145,1
Lasso,7,0.1,1208.153034389928,320.3226264089796,1
Lasso,7,1.0,1098.6308419379707,321.3894033836041,1
Lasso,7,10.0,1233.906953693058,581.3619143087735,1
Lasso,7,100.0,1714.524737882753,832.172998446857,1
Lasso,8,0.01,1154.0251839894431,379.75237046317005,1
Lasso,8,0.1,1213.2117487358141,320.1866842898798,1
Lasso,8,1.0,1101.210877425683,319.6551973313058,1
Lasso,8,10.0,1233.906953693058,581.3619143087735,1
Lasso,8,100.0,1714.524737882753,832.172998446857,1
Lasso,9,0.01,1296.1340183437665,538.1872467606668,1
Lasso,9,0.1,1170.4830410210607,359.53467290044654,1
Lasso,9,1.0,1101.4103069740454,319.53929473854413,1
Lasso,9,10.0,1233.906953693058,581.3619143087735,1
Lasso,9,100.0,1714.524737882753,832.172998446857,1
Ridge,1,0.01,660.0997586545335,476.9843247504336,2
Ridge,1,0.1,659.9689964378487,476.6760078319163,2
Ridge,1,1.0,659.1935081236713,473.8414890549045,2
Ridge,1,10.0,685.8190082436902,460.85366799034284,2
Ridge,1,100.0,1099.7837758474266,462.04958761794217,2
Ridge,2,0.01,553.2157450033767,402.1748157291617,2
Ridge,2,0.1,553.1384151697334,402.8727125440889,2
Ridge,2,1.0,552.9118445235499,409.5628838116652,2
Ridge,2,10.0,585.5125083152046,454.62162920012275,2
Ridge,2,100.0,1039.7753088671072,488.385271441656,2
Ridge,3,0.01,604.7805593687938,404.28959676030576,2
Ridge,3,0.1,603.8183799373107,407.1548392743288,2
Ridge,3,1.0,599.0492840543517,429.65698530359185,2
Ridge,3,10.0,619.9037218775845,503.4149774468391,2
Ridge,3,100.0,913.4030034885857,530.4372246232278,2
Ridge,4,0.01,596.7182529666923,394.9372560456467,2
Ridge,4,0.1,595.4421887886098,397.0766231213255,2
Ridge,4,1.0,588.8778090696284,414.3409405553894,2
Ridge,4,10.0,606.8916427197336,480.8257795342586,2
Ridge,4,100.0,888.5876454369969,543.6612978214135,2
Ridge,5,0.01,570.6278489930284,407.14570126910826,2
Ridge,5,0.1,569.0832879579843,404.74753441050717,2
Ridge,5,1.0,573.7772347892763,413.20144987873914,2
Ridge,5,10.0,620.7892240462334,488.7007137598224,2
Ridge,5,100.0,869.4294599587387,573.9435675660583,2
Ridge,6,0.01,620.5177854175566,381.4876064848466,2
Ridge,6,0.1,582.0837652962276,396.3994583542663,2
Ridge,6,1.0,571.6954579703447,410.1109386995989,2
Ridge,6,10.0,614.7328812055699,472.29472951986446,2
Ridge,6,100.0,860.8035044627641,576.5673323608032,2
Ridge,7,0.01,597.3738996224255,396.1182307097131,2
Ridge,7,0.1,584.8411216285501,396.0235184428904,2
Ridge,7,1.0,565.6720021608979,411.379244549158,2
Ridge,7,10.0,610.0446493503936,474.02138597776235,2
Ridge,7,100.0,866.5215807283641,591.152019612016,2
Ridge,8,0.01,616.4862805227832,378.86138379646735,2
Ridge,8,0.1,604.5271329340412,375.04457952458057,2
Ridge,8,1.0,567.5969166278725,409.16308527112864,2
Ridge,8,10.0,606.825419500777,466.5943238784302,2
Ridge,8,100.0,864.277103922687,588.2149507822619,2
Ridge,9,0.01,618.8854994592339,406.1985394267726,2
Ridge,9,0.1,594.2658250335687,382.9936803186404,2
Ridge,9,1.0,569.3857955406388,408.2403915647339,2
Ridge,9,10.0,599.8531576352262,469.5488964493249,2
Ridge,9,100.0,873.8148888897625,592.2298445000305,2
Lasso,1,0.01,660.1004640219041,476.9710945455704,2
Lasso,1,0.1,659.9806843070971,476.54379649979813,2
Lasso,1,1.0,659.7999365552766,472.5376715677064,2
Lasso,1,10.0,759.6973986621084,454.1087229052687,2
Lasso,1,100.0,1546.2157296820415,448.32984100631626,2
Lasso,2,0.01,553.2300192267377,402.23638916039215,2
Lasso,2,0.1,553.2971584132758,403.4863463970927,2
Lasso,2,1.0,556.1272871298027,415.47862598447495,2
Lasso,2,10.0,750.0542288510006,459.35455714328947,2
Lasso,2,100.0,1546.2157296820415,448.32984100631626,2
Lasso,3,0.01,604.3030084472528,404.3506257787974,2
Lasso,3,0.1,599.1465337891689,407.74520012041626,2
Lasso,3,1.0,577.1473405897055,423.0176326545956,2
Lasso,3,10.0,750.0542288510006,459.35455714328947,2
Lasso,3,100.0,1546.2157296820415,448.32984100631626,2
Lasso,4,0.01,596.3123413534584,395.0937917962283,2
Lasso,4,0.1,592.1270579295573,398.1554284918853,2
Lasso,4,1.0,574.5911263343103,417.4296974666128,2
Lasso,4,10.0,747.0922475931695,460.70135863754336,2
Lasso,4,100.0,1546.2157296820415,448.32984100631626,2
Lasso,5,0.01,571.1639902721729,407.22591774551864,2
Lasso,5,0.1,573.589408223959,403.0310660341284,2
Lasso,5,1.0,578.5643448319088,415.928874806998,2
Lasso,5,10.0,747.0922475931695,460.70135863754336,2
Lasso,5,100.0,1546.2157296820415,448.32984100631626,2
Lasso,6,0.01,620.2885724745653,381.926782975879,2
Lasso,6,0.1,575.6626425609337,401.55943025196996,2
Lasso,6,1.0,572.9930796786718,414.93434321448564,2
Lasso,6,10.0,747.0922475931695,460.70135863754336,2
Lasso,6,100.0,1546.2157296820415,448.32984100631626,2
Lasso,7,0.01,599.9174809719656,402.7654644341442,2
Lasso,7,0.1,576.589125511937,401.6745696781473,2
Lasso,7,1.0,574.1815214752053,414.54577447519534,2
Lasso,7,10.0,747.0922475931695,460.70135863754336,2
Lasso,7,100.0,1546.2157296820415,448.32984100631626,2
Lasso,8,0.01,676.1487778189337,446.4508274818602,2
Lasso,8,0.1,584.1751550222492,392.430299702992,2
Lasso,8,1.0,571.7917207346024,414.2414458660846,2
Lasso,8,10.0,747.0922475931695,460.70135863754336,2
Lasso,8,100.0,1546.2157296820415,448.32984100631626,2
Lasso,9,0.01,683.446795952214,466.22561544103536,2
Lasso,9,0.1,584.1751550222496,392.4302997029917,2
Lasso,9,1.0,571.097313560851,414.74719341772567,2
Lasso,9,10.0,747.0922475931695,460.70135863754336,2
Lasso,9,100.0,1546.2157296820415,448.32984100631626,2
Ridge,1,0.01,1108.4372610771575,337.1412047703577,3
Ridge,1,0.1,1108.4442669471648,336.79788231254554,3
Ridge,1,1.0,1108.853793294309,334.13812798296993,3
Ridge,1,10.0,1134.5238402397092,352.91740855942754,3
Ridge,1,100.0,1438.6964242064,563.3459936944348,3
Ridge,2,0.01,759.8764542445745,187.60422251222334,3
Ridge,2,0.1,760.0596240668535,189.01031293721547,3
Ridge,2,1.0,762.340024731102,202.96002598874875,3
Ridge,2,10.0,812.4625412794585,316.4209384682096,3
Ridge,2,100.0,1279.7307866764256,558.8805781600171,3
Ridge,3,0.01,767.4876718062372,195.48736026955078,3
Ridge,3,0.1,767.7727305944557,196.81845735317188,3
Ridge,3,1.0,773.3275864642824,209.12478836081692,3
Ridge,3,10.0,838.5447692312734,297.7995937382623,3
Ridge,3,100.0,1202.0911773636824,531.4517931229844,3
Ridge,4,0.01,770.424100365393,171.85790577418533,3
Ridge,4,0.1,769.00891761055,172.927196456813,3
Ridge,4,1.0,772.5020293499218,193.20702444645553,3
Ridge,4,10.0,850.8934228798058,306.824542474926,3
Ridge,4,100.0,1162.0452060171335,546.1299870868505,3
Ridge,5,0.01,781.0840924517008,167.43984843026087,3
Ridge,5,0.1,775.7278003734828,172.927724396997,3
Ridge,5,1.0,774.6598508400357,197.98891020285944,3
Ridge,5,10.0,860.7174568547559,303.9115765959412,3
Ridge,5,100.0,1151.427655378742,536.2564861070413,3
Ridge,6,0.01,785.0824119079616,315.7797384425107,3
Ridge,6,0.1,765.4541404008796,207.51856531242234,3
Ridge,6,1.0,784.0806452247571,183.7639607974848,3
Ridge,6,10.0,866.0628301131221,306.09522433693866,3
Ridge,6,100.0,1143.237733683304,545.9197676638355,3
Ridge,7,0.01,758.5324747640743,328.35953375798846,3
Ridge,7,0.1,760.8732096862148,212.42095147414852,3
Ridge,7,1.0,782.8348032623614,186.97123518451463,3
Ridge,7,10.0,864.082283287095,306.0766561318266,3
Ridge,7,100.0,1149.8844518225517,539.1716537817441,3
Ridge,8,0.01,824.0633517305141,370.4443550643134,3
Ridge,8,0.1,774.1378381735454,270.92322070664676,3
Ridge,8,1.0,779.5641743332645,188.36002365814892,3
Ridge,8,10.0,865.612024103127,305.80065882609017,3
Ridge,8,100.0,1151.1293720640954,542.9436288860611,3
Ridge,9,0.01,801.4126036895967,350.4543941531474,3
Ridge,9,0.1,757.1900797595666,278.57870495026566,3
Ridge,9,1.0,777.3564805008907,194.31043526434053,3
Ridge,9,10.0,859.8526287640692,308.7529782583721,3
Ridge,9,100.0,1160.3050553133667,536.4363380085144,3
Lasso,1,0.01,1108.4727249307002,337.11737895847995,3
Lasso,1,0.1,1108.8055757134123,336.56726922530936,3
Lasso,1,1.0,1113.1511329367827,332.64454009432677,3
Lasso,1,10.0,1258.3116447955213,425.17249148880893,3
Lasso,1,100.0,1755.205002596046,660.4907241184393,3
Lasso,2,0.01,759.9288384152799,187.66707505796006,3
Lasso,2,0.1,760.6004854502438,189.6598248348181,3
Lasso,2,1.0,769.4756926510285,211.26627677867043,3
Lasso,2,10.0,1074.1014497734154,455.07011361527304,3
Lasso,2,100.0,1755.205002596046,660.4907241184393,3
Lasso,3,0.01,767.4305862334174,195.46711860976066,3
Lasso,3,0.1,767.3780968124845,196.62469988191975,3
Lasso,3,1.0,776.5195499686345,213.98841041743054,3
Lasso,3,10.0,1079.7769509422042,457.5828050812892,3
Lasso,3,100.0,1755.205002596046,660.4907241184393,3
Lasso,4,0.01,770.504195913393,172.07313786722628,3
Lasso,4,0.1,770.3968525352692,175.91146566709057,3
Lasso,4,1.0,782.5129794009594,214.87413706604752,3
Lasso,4,10.0,1079.7769509422042,457.5828050812892,3
Lasso,4,100.0,1755.205002596046,660.4907241184393,3
Lasso,5,0.01,780.0852842264067,168.10519335236478,3
Lasso,5,0.1,771.6298565242929,177.4790238402087,3
Lasso,5,1.0,782.75154761881,214.926612301134,3
Lasso,5,10.0,1079.7769509422042,457.5828050812892,3
Lasso,5,100.0,1755.205002596046,660.4907241184393,3
Lasso,6,0.01,793.7933092409652,338.6800640564712,3
Lasso,6,0.1,785.5314608207416,236.9178039468451,3
Lasso,6,1.0,786.9359787424021,210.61998210050126,3
Lasso,6,10.0,1079.7769509422042,457.5828050812892,3
Lasso,6,100.0,1755.205002596046,660.4907241184393,3
Lasso,7,0.01,790.9374403139776,348.0907323934858,3
Lasso,7,0.1,783.5577636791791,230.74269621881888,3
Lasso,7,1.0,787.3437717718832,210.72278408186554,3
Lasso,7,10.0,1079.7769509422042,457.5828050812892,3
Lasso,7,100.0,1755.205002596046,660.4907241184393,3
Lasso,8,0.01,921.6625620115954,385.57097774795835,3
Lasso,8,0.1,794.5454175465853,271.3854061917706,3
Lasso,8,1.0,787.3437717718833,210.72278408186574,3
Lasso,8,10.0,1079.7769509422042,457.5828050812892,3
Lasso,8,100.0,1755.205002596046,660.4907241184393,3
Lasso,9,0.01,924.4996053312076,384.684477924537,3
Lasso,9,0.1,799.8159946136835,269.45469402494734,3
Lasso,9,1.0,787.0258475400065,210.95029997395787,3
Lasso,9,10.0,1079.7769509422042,457.58280508128917,3
Lasso,9,100.0,1755.205002596046,660.4907241184393,3
