variant,method,degree,alpha,cv_mse_mean,cv_mse_std,test_mse,test_r2
1,OLS polyfit,2,0.0,1023.9615713812273,404.0756774705818,798.6471581141238,0.5058190380735956
1,Ridge,2,1.0,1022.9738917054996,401.0839700163687,800.0499684352021,0.504951017513042
1,Lasso,2,0.01,1023.9973284301923,403.9094850186035,798.6481932303576,0.5058183975720538
2,OLS polyfit,2,0.0,553.2249821418719,402.0969378872057,394.84758599238506,0.7517753376641431
2,Ridge,2,1.0,552.9118445235499,409.5628838116652,398.52374447298456,0.7494642859320007
2,Lasso,2,0.01,553.2300192267377,402.23638916039215,394.89944872292995,0.7517427336689965
3,OLS polyfit,2,0.0,759.8566337916998,187.44791994100856,808.8142087195416,0.4811603798144617
3,Ridge,9,0.1,757.1900797595666,278.57870495026566,835.4489477631176,0.4640746786235944
3,Lasso,2,0.01,759.9288384152799,187.66707505796006,808.7394770461106,0.48120831882522686
